{"cameraMode":{"drawMode":0,"name":"Shaded","section":"Shading Mode"},"sceneLighting":true,"audioPlay":false,"sceneViewState":{"m_AlwaysRefresh":false,"showFog":true,"showSkybox":true,"showFlares":true,"showImageEffects":true,"showParticleSystems":true,"showVisualEffectGraphs":true,"m_FxEnabled":true},"in2DMode":false,"pivot":{"x":569.2505493164063,"y":984.6488647460938,"z":110.007568359375},"rotation":{"x":-0.007489919662475586,"y":-0.051865383982658389,"z":0.0003910425875801593,"w":-0.9986400604248047},"size":1065.5821533203125,"orthographic":true}