{"cameraMode":{"drawMode":0,"name":"Shaded","section":"Shading Mode"},"sceneLighting":true,"audioPlay":false,"sceneViewState":{"m_AlwaysRefresh":false,"showFog":true,"showSkybox":true,"showFlares":true,"showImageEffects":true,"showParticleSystems":true,"showVisualEffectGraphs":true,"m_FxEnabled":true},"in2DMode":false,"pivot":{"x":9.698196411132813,"y":17.761947631835939,"z":5.59271240234375},"rotation":{"x":-0.056969717144966128,"y":0.0021072563249617817,"z":-0.00011875435302499682,"w":-0.9983911514282227},"size":54.43065643310547,"orthographic":true}