{"cameraMode":{"drawMode":0,"name":"Shaded","section":"Shading Mode"},"sceneLighting":true,"audioPlay":false,"sceneViewState":{"m_AlwaysRefresh":false,"showFog":true,"showSkybox":true,"showFlares":true,"showImageEffects":true,"showParticleSystems":true,"showVisualEffectGraphs":true,"m_FxEnabled":true},"in2DMode":false,"pivot":{"x":519.2857055664063,"y":889.7997436523438,"z":106.938232421875},"rotation":{"x":-0.007489919662475586,"y":-0.051865383982658389,"z":0.0003910425875801593,"w":-0.9986400604248047},"size":977.7654418945313,"orthographic":true}