{"cameraMode":{"drawMode":0,"name":"Shaded","section":"Shading Mode"},"sceneLighting":false,"audioPlay":false,"sceneViewState":{"m_AlwaysRefresh":false,"showFog":true,"showSkybox":false,"showFlares":true,"showImageEffects":true,"showParticleSystems":true,"showVisualEffectGraphs":true,"m_FxEnabled":true},"in2DMode":false,"pivot":{"x":1.6437301635742188,"y":9.180566787719727,"z":-10.247081756591797},"rotation":{"x":-0.14451661705970765,"y":0.1733003854751587,"z":-0.025693215429782869,"w":-0.9739076495170593},"size":81.39410400390625,"orthographic":true}