{"cameraMode":{"drawMode":0,"name":"Shaded","section":"Shading Mode"},"sceneLighting":false,"audioPlay":false,"sceneViewState":{"m_AlwaysRefresh":false,"showFog":true,"showSkybox":false,"showFlares":true,"showImageEffects":true,"showParticleSystems":true,"showVisualEffectGraphs":true,"m_FxEnabled":true},"in2DMode":false,"pivot":{"x":30.345191955566408,"y":146.97219848632813,"z":3.511798858642578},"rotation":{"x":-0.5973549485206604,"y":-0.023323439061641694,"z":0.01738208904862404,"w":-0.8014726042747498},"size":7.161770820617676,"orthographic":false}