{"cameraMode":{"drawMode":0,"name":"Shaded","section":"Shading Mode"},"sceneLighting":true,"audioPlay":false,"sceneViewState":{"m_AlwaysRefresh":false,"showFog":true,"showSkybox":true,"showFlares":true,"showImageEffects":true,"showParticleSystems":true,"showVisualEffectGraphs":true,"m_FxEnabled":true},"in2DMode":false,"pivot":{"x":-0.28997802734375,"y":7.931180477142334,"z":-10.067073822021485},"rotation":{"x":-0.08265727013349533,"y":0.04246219992637634,"z":-0.0033393334597349169,"w":-0.9957931637763977},"size":0.7883656620979309,"orthographic":true}