{"cameraMode":{"drawMode":0,"name":"Shaded","section":"Shading Mode"},"sceneLighting":true,"audioPlay":false,"sceneViewState":{"m_AlwaysRefresh":false,"showFog":true,"showSkybox":true,"showFlares":true,"showImageEffects":true,"showParticleSystems":true,"showVisualEffectGraphs":true,"m_FxEnabled":true},"in2DMode":false,"pivot":{"x":63.018882751464847,"y":36.971012115478519,"z":83.30581665039063},"rotation":{"x":-0.10364122688770294,"y":0.41171127557754519,"z":-0.04694299399852753,"w":-0.9043262600898743},"size":58.09233474731445,"orthographic":true}