{"cameraMode":{"drawMode":0,"name":"Shaded","section":"Shading Mode"},"sceneLighting":true,"audioPlay":false,"sceneViewState":{"m_AlwaysRefresh":false,"showFog":true,"showSkybox":true,"showFlares":true,"showImageEffects":true,"showParticleSystems":true,"showVisualEffectGraphs":true,"m_FxEnabled":true},"in2DMode":false,"pivot":{"x":623.190673828125,"y":924.721923828125,"z":-95.35263061523438},"rotation":{"x":0.038690488785505298,"y":-0.0038968734443187715,"z":0.00015103288751561195,"w":0.9992583990097046},"size":917.4660034179688,"orthographic":true}