{"cameraMode":{"drawMode":0,"name":"Shaded","section":"Shading Mode"},"sceneLighting":true,"audioPlay":false,"sceneViewState":{"m_AlwaysRefresh":false,"showFog":true,"showSkybox":true,"showFlares":true,"showImageEffects":true,"showParticleSystems":true,"showVisualEffectGraphs":true,"m_FxEnabled":true},"in2DMode":false,"pivot":{"x":-0.3630211353302002,"y":7.953458786010742,"z":-10.186870574951172},"rotation":{"x":-0.11405695229768753,"y":-0.011327186599373818,"z":0.0013140728697180749,"w":-0.9934394955635071},"size":0.6576870083808899,"orthographic":true}