{"cameraMode":{"drawMode":0,"name":"Shaded","section":"Shading Mode"},"sceneLighting":true,"audioPlay":false,"sceneViewState":{"m_AlwaysRefresh":false,"showFog":true,"showSkybox":true,"showFlares":true,"showImageEffects":true,"showParticleSystems":true,"showVisualEffectGraphs":true,"m_FxEnabled":true},"in2DMode":false,"pivot":{"x":1074.521240234375,"y":1053.3367919921875,"z":4.40850830078125},"rotation":{"x":0.10829745978116989,"y":-0.1963845044374466,"z":0.021829726174473764,"w":0.9742997288703919},"size":1167.5067138671875,"orthographic":true}