{"cameraMode":{"drawMode":0,"name":"Shaded","section":"Shading Mode"},"sceneLighting":true,"audioPlay":false,"sceneViewState":{"m_AlwaysRefresh":false,"showFog":true,"showSkybox":false,"showFlares":true,"showImageEffects":true,"showParticleSystems":true,"showVisualEffectGraphs":true,"m_FxEnabled":true},"in2DMode":false,"pivot":{"x":-60.92721176147461,"y":-10.444059371948243,"z":578.634033203125},"rotation":{"x":0.016471097245812417,"y":-0.05845852941274643,"z":0.0009645667159929872,"w":0.998154878616333},"size":262.1536865234375,"orthographic":false}