{"cameraMode":{"drawMode":0,"name":"Shaded","section":"Shading Mode"},"sceneLighting":false,"audioPlay":false,"sceneViewState":{"m_AlwaysRefresh":false,"showFog":true,"showSkybox":false,"showFlares":true,"showImageEffects":true,"showParticleSystems":true,"showVisualEffectGraphs":true,"m_FxEnabled":true},"in2DMode":false,"pivot":{"x":37.127845764160159,"y":30.395240783691408,"z":584.2162475585938},"rotation":{"x":0.13720127940177918,"y":-0.3877081573009491,"z":0.05847790464758873,"w":0.9096535444259644},"size":51.14194869995117,"orthographic":true}