{"cameraMode":{"drawMode":0,"name":"Shaded","section":"Shading Mode"},"sceneLighting":false,"audioPlay":false,"sceneViewState":{"m_AlwaysRefresh":false,"showFog":true,"showSkybox":false,"showFlares":true,"showImageEffects":true,"showParticleSystems":true,"showVisualEffectGraphs":true,"m_FxEnabled":true},"in2DMode":false,"pivot":{"x":0.4308500289916992,"y":24.805099487304689,"z":348.5946044921875},"rotation":{"x":0.08594496548175812,"y":-0.12163763493299484,"z":0.010571710765361786,"w":0.9888062477111816},"size":41.038909912109378,"orthographic":true}