{"cameraMode":{"drawMode":0,"name":"Shaded","section":"Shading Mode"},"sceneLighting":false,"audioPlay":false,"sceneViewState":{"m_AlwaysRefresh":false,"showFog":true,"showSkybox":false,"showFlares":true,"showImageEffects":true,"showParticleSystems":true,"showVisualEffectGraphs":true,"m_FxEnabled":true},"in2DMode":false,"pivot":{"x":367.69873046875,"y":1533.5404052734375,"z":-1.719818115234375},"rotation":{"x":-0.009000063873827458,"y":-0.0020929030142724516,"z":0.000022435642677010037,"w":-0.9999682307243347},"size":397.08941650390627,"orthographic":false}